{"filesMd5":[{"page":"/config/index.js","md5":"139f46536c9f57efb2960ad46ddee3cb"},{"page":"/mediator/index.js","md5":"de95c131b8ad14c2c38554ecac45823f"},{"page":"/pages/demo/assets/index.js","md5":"52038ff11334a0da02f8fca56c955848"},{"page":"/pages/demo/bmcalendar/index.js","md5":"c0d242f2ab3dc41bf6763d0998bee4a1"},{"page":"/pages/demo/bmchart/index.js","md5":"4cff5acbc8cb8aa23f24f8a1ec1db684"},{"page":"/pages/demo/bmrichtext/index.js","md5":"6c1ef8f5fd7fafc530dc44d4ef8ecb4b"},{"page":"/pages/demo/event/a.js","md5":"a7e3fdb37749ab662fec5e0a239c2c05"},{"page":"/pages/demo/event/b.js","md5":"569e49a0efe845c204e2703348ac86e3"},{"page":"/pages/demo/font/index.js","md5":"3b87090332cbd6adc3eb2fb13d17c457"},{"page":"/pages/demo/gesture/index.js","md5":"fac104c785fb124fe4eb71065a79a6f6"},{"page":"/pages/demo/globalAttr/index.js","md5":"fbf09279b5253c22f22bab563df0150a"},{"page":"/pages/demo/image/index.js","md5":"54dcbaef3565b2047bab1c5c8c0b7a15"},{"page":"/pages/demo/index.js","md5":"b7ee3cc556f09fab5b5e3f8696b85dca"},{"page":"/pages/demo/inputExtend/index.js","md5":"448843426824cf7714fa926fa57ba92c"},{"page":"/pages/demo/lifecycle/index.js","md5":"732a9e68d1bd883a13a77c61ad85efdb"},{"page":"/pages/demo/notice/index.js","md5":"683e960ebb5d9b263aecc5da27f63365"},{"page":"/pages/demo/other/bindingx.js","md5":"3ec21e0c3238628379be52c0cd2690bb"},{"page":"/pages/demo/other/bui.js","md5":"d65df3feb3bf6914a8024c22f205e040"},{"page":"/pages/demo/other/weexui.js","md5":"a16493c622aa7d2e17c828d74652a0cf"},{"page":"/pages/demo/refresh/index.js","md5":"1160770a5b18c52899f3a869334d354f"},{"page":"/pages/demo/router/home.js","md5":"2b98a316b8290690c8716be293bfb5cd"},{"page":"/pages/demo/router/index.js","md5":"41e0556caa981bd98370a1c0f9136abc"},{"page":"/pages/demo/storage/index.js","md5":"b93f7d5cfe39185f31705a28ec0d795c"},{"page":"/iconfont/font_1469606063_76593.ttf","md5":"f6222bcfedff4a817bb50df7a049d1db"},{"page":"/iconfont/font_1469606522_9417143.woff","md5":"6cf5490fd14ff83350ff952bb5b8e484"},{"page":"/iconfont/font_zn5b3jswpofuhaor.ttf","md5":"c0356b22e8235d2b0be8880cc81894cc"},{"page":"/iconfont/iconfont-eros.ttf","md5":"68780fad0047dc5b02cb613ebb08cda1"},{"page":"/iconfont/iconfont.ttf","md5":"ec86bfe5bdb872bad2b2af4f11da14f4"},{"page":"/assets/demo.jpg","md5":"332c4e7d5398207c1b49750369a72848"}],"android":"1.0.0","iOS":"1.0.0","appName":"gesture-demo","jsVersion":"cbee41b961488877140ee6335ee18be7","timestamp":1527047873963,"jsPath":"https://app.weex-eros.com/source"}
