{"filesMd5":[{"page":"/config/index.js","md5":"c8bc3bd5591ee10d3a3f9d4b2a37df31"},{"page":"/mediator/index.js","md5":"72d015719d9fd79972c944b0b895e74d"},{"page":"/pages/demo/assets/index.js","md5":"c3bb16c7477fe2bdc0312f66b07e4c68"},{"page":"/pages/demo/bmcalendar/index.js","md5":"4f64d90f1e6a74df61f7d65dd86c7166"},{"page":"/pages/demo/bmchart/index.js","md5":"27cd8f38b3652d96653ddbe4e81abb79"},{"page":"/pages/demo/bmrichtext/index.js","md5":"a943b36a026de2fc58345d7e70799bbd"},{"page":"/pages/demo/event/a.js","md5":"6768224cf47f90f86751e8fd7d20b083"},{"page":"/pages/demo/event/b.js","md5":"170aefb73466c8a9f5d2699b602a1827"},{"page":"/pages/demo/font/index.js","md5":"b3bc71a2d5fbd962f6a6b9d3519afe19"},{"page":"/pages/demo/gesture/index.js","md5":"fe4f756624d629e5a272a499a8c4c650"},{"page":"/pages/demo/globalAttr/index.js","md5":"01adf35749679623079f067c0d2b1edf"},{"page":"/pages/demo/image/index.js","md5":"f9983ca6eaeb3daa1087136a491ddf77"},{"page":"/pages/demo/index.js","md5":"efa1fe457b613e280b36ac22efcec995"},{"page":"/pages/demo/inputExtend/index.js","md5":"2d86df1ab7eac8f370057815133afd3d"},{"page":"/pages/demo/lifecycle/index.js","md5":"758ce1a5615bd1d8f712962a4112de92"},{"page":"/pages/demo/notice/index.js","md5":"fd740c6767e7f677dd1b940407cbd415"},{"page":"/pages/demo/other/bindingx.js","md5":"5d337ba979a53c7c434cd17e201d4111"},{"page":"/pages/demo/other/bui.js","md5":"a85b3e75385c1e6283bddca2a421de05"},{"page":"/pages/demo/other/weexui.js","md5":"83e7dcae8a3544648665a656e9dd46cd"},{"page":"/pages/demo/refresh/index.js","md5":"c2813a1935cc9ed724f7b9065cc26922"},{"page":"/pages/demo/router/home.js","md5":"c52f45177ddb32d557ba098c5a979379"},{"page":"/pages/demo/router/index.js","md5":"92d548fff1ecbda4984ca8a7e3403adc"},{"page":"/pages/demo/storage/index.js","md5":"ac95be6390a6179bfc552bf52a7371f6"},{"page":"/iconfont/font_1469606063_76593.ttf","md5":"7f64b407dbb118b2bf74aae8488f115e"},{"page":"/iconfont/font_1469606522_9417143.woff","md5":"815be396a2edc810e9daab7eaf94b32e"},{"page":"/iconfont/font_zn5b3jswpofuhaor.ttf","md5":"be67220b1b872c2cba30a35787131d99"},{"page":"/iconfont/iconfont-eros.ttf","md5":"0b8ba2bdcd441231144cb9391e472e08"},{"page":"/iconfont/iconfont.ttf","md5":"fcfd6fc55b5308c896fadc1c08c4b1b0"},{"page":"/assets/demo.jpg","md5":"ccda4109b98125891d8febd85d78a9de"}],"android":"1.0.0","iOS":"1.0.0","appName":"gesture-demo","jsVersion":"2bf422a2c4b1a4549a728510ede404c8","timestamp":1527064468569,"jsPath":"https://app.weex-eros.com/source"}
